name,quantity
Alkahest,0
Bat Wing,0
Elemental Ember,0
Forest Yarn,0
Lion's Bonnet,0
Shivercrystal,0
Bone Shard,0
Heartbloom,0
Mooncap,0
Sunbark,0
Preening Peafeather,0
Toxic Spores,0
Rootsap,0
Sunleaf,0
Frozen Core,0
Spinebloom,0
Sundust,0
Wight Ash,0
Moonbark,0
Moondust,0
Rootblossom,0
Stormlily,0
Stormpetal,0
Stormshard,0
Suncap,0
Brightdust,0
Frostleaf,0
Dark Ichor,0
Glimmoss,0
Nightleaf,0
Ironsap,0
Grooved Fly Saddle,0
Venom Gland,0
Ashplume,0
Duskcap,0
Glimshard,0
Infernal Ash,0
Giant Puffball,0
Glimdust,0
Sparkstone,0
Ruby Morel,0
Dusksap,0
Ironblossom,0
Nightcap,0
Frostblossom,0
Ghost Dust,0
Glimthorn,0
Putrid Slime,0
Ironpetal,0
Spinecap,0
